INSERT INTO "USER" VALUES('admin', 'admin','admin@helios.fr', 'doe', 'azerty', 'john');
INSERT INTO "USER" VALUES('thomas', 'student','thomas@helios.fr', 'bailly', 'azerty', 'thomas');
INSERT INTO "USER" VALUES('jazzy', 'student','jazy@helios.fr', 'ngosso', 'azerty', 'jason');
INSERT INTO "USER" VALUES('sheitan', 'student','sheitan@helios.fr', 'colas', 'azerty', 'korlan');
INSERT INTO "USER" VALUES('bertho', 'teacher','teacherBertho@helios.fr', 'berthome', 'azerty', 'pascal' );
INSERT INTO "USER" VALUES('clemou', 'teacher','teacherClemou@helios.fr', 'clemente', 'azerty', 'patrice' );
INSERT INTO "USER" VALUES('benji', 'teacher','inria@helios.fr', 'benjamin', 'azerty', 'nguyen' );
INSERT INTO "MODULE" VALUES(91, 'Theorie des Graphes', 'bertho');
INSERT INTO "MODULE" VALUES(92, 'Intelligence Artificielle', 'clemou');
INSERT INTO "MODULE" VALUES(93, 'Logique', 'clemou');
INSERT INTO "MODULE" VALUES(94, 'SGBDR', 'benji');
INSERT INTO "MODULE" VALUES(95, 'OOP', 'benji');
INSERT INTO "SUBSCRIPTION" VALUES(191, '1970-01-01', 0, 91, 'thomas');
INSERT INTO "SUBSCRIPTION" VALUES(192, '2001-01-01', 0, 92, 'thomas');
INSERT INTO "SUBSCRIPTION" VALUES(193, '2010-01-01', 0, 91, 'sheitan');
INSERT INTO "SUBSCRIPTION" VALUES(194, '1970-01-01', 0, 94, 'sheitan');
INSERT INTO "SUBSCRIPTION" VALUES(195, '1970-01-01', 0, 95, 'sheitan');
INSERT INTO "SUBSCRIPTION" VALUES(196, '1970-01-01', 0, 91, 'jazzy');
INSERT INTO "CHAPTER" VALUES(102, true, 'thomas ne dois jamais savoir', 'Chapitre 1 : Le test', 95);
INSERT INTO "CHAPTER" VALUES(100, true, 'Les graphes tirent leur nom du fait qu’on peut les représenter par des dessins. À chaque sommet de G, on fait correspondre un point distinct du plan et on relie les points correspondant aux extrémités de chaque arête. Il existe donc une infinité de représentations d’un graphe. Les arêtes ne sont pas forcément rectilignes. Si on peut dessiner un graphe G dans le plan sans qu’aucune arête n’en coupe une autre (les arêtes ne sont pas forcément rectilignes), on dit que G est planaire.', 'Chapitre 1 : Définition', 91);
INSERT INTO "CHAPTER" VALUES(101, true, 'On appelle cycle eulérien d’un graphe G un cycle passant une et une seule fois par chacune des arêtes de G . Un graphe est dit eulérien s’il possède un cycle eulérien. On appelle chaîne eulérienne d’un graphe G une chaîne passant une et une seule fois par chacune des arêtes de G. Un graphe ne possédant que des chaînes eulériennes est semi-eulérien. Plus simplement, on peut dire qu’un graphe est eulérien (ou semi-eulérien) s’il est possible de dessiner le graphe sans lever le crayon et sans passer deux fois sur la même arête.', 'Chapitre 2 : Graphes Eurlériens', 91);
INSERT INTO "QCM" VALUES(200, TRUE, '1970-01-01', '2020-01-01', 20, null, 20, 100);
INSERT INTO "QCM" VALUES(201, TRUE, '1970-01-01', '2020-01-01', 20, null, 20, 101);
INSERT INTO "QUESTION" VALUES (20, 10, 'Combien de représentations d’un graphe G existe-t-il ?', 200) ; 
INSERT INTO "QUESTION" VALUES (30, 5, 'Les arêtes d’un graphe sont-elles forcément rectilignes ?', 200) ;
INSERT INTO "QUESTION" VALUES (40, 5, 'On dit qu’un graphe G est planaire si...', 200) ; 
INSERT INTO "ANSWER" VALUES (100, 'Une seule', FALSE, 20) ; 
INSERT INTO "ANSWER" VALUES (101, 'Autant que le nombre de sommets qu’il contient', FALSE, 20) ; 
INSERT INTO "ANSWER" VALUES (102, 'Autant que le nombre d’arêtes qu’il contient', FALSE, 20) ; 
INSERT INTO "ANSWER" VALUES (103, 'Une infinité', TRUE, 20) ; 
INSERT INTO "ANSWER" VALUES (104, 'Oui', FALSE, 30) ; 
INSERT INTO "ANSWER" VALUES (105, 'Non', TRUE, 30) ;  
INSERT INTO "ANSWER" VALUES (109, 'Ses arêtes ne sont pas rectilignes', FALSE, 40) ; 
INSERT INTO "ANSWER" VALUES (110, 'La somme des degrés des ses sommets est égale à deux fois le nombre d’arêtes', FALSE, 40) ; 
INSERT INTO "ANSWER" VALUES (111, 'On peut le représenter sans que ses arêtes ne se croisent', TRUE, 40) ; 
INSERT INTO "ANSWER" VALUES (112, 'On peut le représenter sans lever le crayon', FALSE, 40) ; 
INSERT INTO "QUESTION" VALUES (21, 10, 'Un cycle d’un graphe G est dit eulérien quand... ', 201) ; 
INSERT INTO "QUESTION" VALUES (31, 5, 'Un graphe est eulérien si...', 201) ;
INSERT INTO "QUESTION" VALUES (41, 5, 'Comment appelle-t-on un graphe qui ne possède que des chaînes eulériennes ?', 201) ; 
INSERT INTO "ANSWER" VALUES (202, 'Il passe une et une seule fois par toutes les arêtes de G', TRUE, 21) ;
INSERT INTO "ANSWER" VALUES (200, 'Il passe au moins une fois par chacune des arêtes de G', FALSE, 21) ; 
INSERT INTO "ANSWER" VALUES (201, 'Il passe par plus de la moitié des arêtes de G', FALSE, 21) ; 
INSERT INTO "ANSWER" VALUES (203, 'Il possède un cycle eulérien', TRUE, 31) ;  
INSERT INTO "ANSWER" VALUES (205, 'Il est possible de le dessiner sans lever le crayon', FALSE, 31) ; 
INSERT INTO "ANSWER" VALUES (209, 'Un graphe semi-eulérien', TRUE, 41) ; 
INSERT INTO "ANSWER" VALUES (210, 'Un graphe eulérien total', FALSE, 41) ; 
INSERT INTO "ANSWER" VALUES (211, 'Un graphe eulérien', FALSE, 41) ; 
INSERT INTO "ANSWER" VALUES (212, 'Un graphe quelconque', FALSE, 41) ; 

